{
	"info": {
		"_postman_id": "47212eea-abbe-405e-bd9d-e4f6abe76d97",
		"name": "Product",
		"schema": "https://schema.getpostman.com/json/collection/v2.1.0/collection.json"
	},
	"item": [
		{
			"name": "GetProduct",
			"request": {
				"method": "GET",
				"header": [],
				"url": {
					"raw": "http://localhost:8081/api-productos/productos/1",
					"protocol": "http",
					"host": [
						"localhost"
					],
					"port": "8081",
					"path": [
						"api-productos",
						"productos",
						"1"
					]
				}
			},
			"response": []
		}
	]
}