<?xml version="1.0" encoding="UTF-8" standalone="yes"?>
<licenseSummary>
    <dependencies>
        <dependency>
            <groupId>ch.qos.logback</groupId>
            <artifactId>logback-classic</artifactId>
            <version>1.2.4</version>
            <licenses>
                <license>
                    <name>GNU Lesser General Public License v2.1 only</name>
                    <url>http://www.gnu.org/licenses/old-licenses/lgpl-2.1.html</url>
                </license>
                <license>
                    <name>Eclipse Public License, Version 1.0</name>
                    <url>http://repository.jboss.org/licenses/epl-1.0.txt</url>
                </license>
            </licenses>
        </dependency>
        <dependency>
            <groupId>ch.qos.logback</groupId>
            <artifactId>logback-core</artifactId>
            <version>1.2.4</version>
            <licenses>
                <license>
                    <name>GNU Lesser General Public License v2.1 only</name>
                    <url>http://www.gnu.org/licenses/old-licenses/lgpl-2.1.html</url>
                </license>
                <license>
                    <name>Eclipse Public License, Version 1.0</name>
                    <url>http://repository.jboss.org/licenses/epl-1.0.txt</url>
                </license>
            </licenses>
        </dependency>
        <dependency>
            <groupId>com.fasterxml.jackson.core</groupId>
            <artifactId>jackson-annotations</artifactId>
            <version>2.11.4</version>
            <licenses>
                <license>
                    <name>Apache License 2.0</name>
                    <url>http://www.apache.org/licenses/LICENSE-2.0</url>
                </license>
            </licenses>
        </dependency>
        <dependency>
            <groupId>com.fasterxml.jackson.core</groupId>
            <artifactId>jackson-core</artifactId>
            <version>2.11.4</version>
            <licenses>
                <license>
                    <name>Apache License 2.0</name>
                    <url>http://www.apache.org/licenses/LICENSE-2.0</url>
                </license>
            </licenses>
        </dependency>
        <dependency>
            <groupId>com.fasterxml.jackson.core</groupId>
            <artifactId>jackson-databind</artifactId>
            <version>2.11.4</version>
            <licenses>
                <license>
                    <name>Apache License 2.0</name>
                    <url>http://www.apache.org/licenses/LICENSE-2.0</url>
                </license>
            </licenses>
        </dependency>
        <dependency>
            <groupId>com.fasterxml.jackson.dataformat</groupId>
            <artifactId>jackson-dataformat-properties</artifactId>
            <version>2.11.4</version>
            <licenses>
                <license>
                    <name>Apache License 2.0</name>
                    <url>http://www.apache.org/licenses/LICENSE-2.0</url>
                </license>
            </licenses>
        </dependency>
        <dependency>
            <groupId>com.fasterxml.jackson.dataformat</groupId>
            <artifactId>jackson-dataformat-yaml</artifactId>
            <version>2.11.4</version>
            <licenses>
                <license>
                    <name>Apache License 2.0</name>
                    <url>http://www.apache.org/licenses/LICENSE-2.0</url>
                </license>
            </licenses>
        </dependency>
        <dependency>
            <groupId>com.fasterxml.jackson.datatype</groupId>
            <artifactId>jackson-datatype-jdk8</artifactId>
            <version>2.11.4</version>
            <licenses>
                <license>
                    <name>Apache License 2.0</name>
                    <url>http://www.apache.org/licenses/LICENSE-2.0</url>
                </license>
            </licenses>
        </dependency>
        <dependency>
            <groupId>com.fasterxml.jackson.datatype</groupId>
            <artifactId>jackson-datatype-jsr310</artifactId>
            <version>2.11.4</version>
            <licenses>
                <license>
                    <name>Apache License 2.0</name>
                    <url>http://www.apache.org/licenses/LICENSE-2.0</url>
                </license>
            </licenses>
        </dependency>
        <dependency>
            <groupId>com.fasterxml.jackson.jaxrs</groupId>
            <artifactId>jackson-jaxrs-base</artifactId>
            <version>2.11.4</version>
            <licenses>
                <license>
                    <name>Apache License 2.0</name>
                    <url>http://www.apache.org/licenses/LICENSE-2.0</url>
                </license>
            </licenses>
        </dependency>
        <dependency>
            <groupId>com.fasterxml.jackson.jaxrs</groupId>
            <artifactId>jackson-jaxrs-json-provider</artifactId>
            <version>2.11.4</version>
            <licenses>
                <license>
                    <name>Apache License 2.0</name>
                    <url>http://www.apache.org/licenses/LICENSE-2.0</url>
                </license>
            </licenses>
        </dependency>
        <dependency>
            <groupId>com.fasterxml.jackson.module</groupId>
            <artifactId>jackson-module-jaxb-annotations</artifactId>
            <version>2.11.4</version>
            <licenses>
                <license>
                    <name>Apache License 2.0</name>
                    <url>http://www.apache.org/licenses/LICENSE-2.0</url>
                </license>
            </licenses>
        </dependency>
        <dependency>
            <groupId>com.fasterxml.jackson.module</groupId>
            <artifactId>jackson-module-parameter-names</artifactId>
            <version>2.11.4</version>
            <licenses>
                <license>
                    <name>Apache License 2.0</name>
                    <url>http://www.apache.org/licenses/LICENSE-2.0</url>
                </license>
            </licenses>
        </dependency>
        <dependency>
            <groupId>com.github.fge</groupId>
            <artifactId>btf</artifactId>
            <version>1.2</version>
            <licenses>
                <license>
                    <name>GNU Lesser General Public License, Version 3</name>
                    <url>http://www.gnu.org/licenses/lgpl-3.0-standalone.html</url>
                </license>
                <license>
                    <name>Apache License 2.0</name>
                    <url>http://www.apache.org/licenses/LICENSE-2.0</url>
                </license>
            </licenses>
        </dependency>
        <dependency>
            <groupId>com.github.fge</groupId>
            <artifactId>jackson-coreutils</artifactId>
            <version>1.6</version>
            <licenses>
                <license>
                    <name>GNU Lesser General Public License, Version 3</name>
                    <url>http://www.gnu.org/licenses/lgpl-3.0-standalone.html</url>
                </license>
                <license>
                    <name>Apache License 2.0</name>
                    <url>http://www.apache.org/licenses/LICENSE-2.0</url>
                </license>
            </licenses>
        </dependency>
        <dependency>
            <groupId>com.github.fge</groupId>
            <artifactId>json-patch</artifactId>
            <version>1.9</version>
            <licenses>
                <license>
                    <name>GNU Lesser General Public License, Version 3</name>
                    <url>http://www.gnu.org/licenses/lgpl-3.0-standalone.html</url>
                </license>
                <license>
                    <name>Apache License 2.0</name>
                    <url>http://www.apache.org/licenses/LICENSE-2.0</url>
                </license>
            </licenses>
        </dependency>
        <dependency>
            <groupId>com.github.fge</groupId>
            <artifactId>msg-simple</artifactId>
            <version>1.1</version>
            <licenses>
                <license>
                    <name>GNU Lesser General Public License, Version 3</name>
                    <url>http://www.gnu.org/licenses/lgpl-3.0-standalone.html</url>
                </license>
                <license>
                    <name>Apache License 2.0</name>
                    <url>http://www.apache.org/licenses/LICENSE-2.0</url>
                </license>
            </licenses>
        </dependency>
        <dependency>
            <groupId>com.github.mifmif</groupId>
            <artifactId>generex</artifactId>
            <version>1.0.2</version>
            <licenses>
                <license>
                    <name>Apache License 2.0</name>
                    <url>http://www.apache.org/licenses/LICENSE-2.0</url>
                </license>
            </licenses>
        </dependency>
        <dependency>
            <groupId>com.github.stephenc.jcip</groupId>
            <artifactId>jcip-annotations</artifactId>
            <version>1.0-1</version>
            <licenses>
                <license>
                    <name>Apache License 2.0</name>
                    <url>http://www.apache.org/licenses/LICENSE-2.0</url>
                </license>
            </licenses>
        </dependency>
        <dependency>
            <groupId>com.google.code.findbugs</groupId>
            <artifactId>jsr305</artifactId>
            <version>1.3.9</version>
            <licenses>
                <license>
                    <name>Apache License 2.0</name>
                    <url>http://www.apache.org/licenses/LICENSE-2.0</url>
                </license>
            </licenses>
        </dependency>
        <dependency>
            <groupId>com.google.errorprone</groupId>
            <artifactId>error_prone_annotations</artifactId>
            <version>2.1.3</version>
            <licenses>
                <license>
                    <name>Apache License 2.0</name>
                    <url>http://www.apache.org/licenses/LICENSE-2.0</url>
                </license>
            </licenses>
        </dependency>
        <dependency>
            <groupId>com.google.guava</groupId>
            <artifactId>guava</artifactId>
            <version>25.0-jre</version>
            <licenses>
                <license>
                    <name>Apache License 2.0</name>
                    <url>http://www.apache.org/licenses/LICENSE-2.0</url>
                </license>
            </licenses>
        </dependency>
        <dependency>
            <groupId>com.google.j2objc</groupId>
            <artifactId>j2objc-annotations</artifactId>
            <version>1.1</version>
            <licenses>
                <license>
                    <name>Apache License 2.0</name>
                    <url>http://www.apache.org/licenses/LICENSE-2.0</url>
                </license>
            </licenses>
        </dependency>
        <dependency>
            <groupId>com.jayway.jsonpath</groupId>
            <artifactId>json-path</artifactId>
            <version>2.4.0</version>
            <licenses>
                <license>
                    <name>Apache License 2.0</name>
                    <url>http://www.apache.org/licenses/LICENSE-2.0</url>
                </license>
            </licenses>
        </dependency>
        <dependency>
            <groupId>com.squareup.okhttp3</groupId>
            <artifactId>logging-interceptor</artifactId>
            <version>3.14.9</version>
            <licenses>
                <license>
                    <name>Apache License 2.0</name>
                    <url>http://www.apache.org/licenses/LICENSE-2.0</url>
                </license>
            </licenses>
        </dependency>
        <dependency>
            <groupId>com.squareup.okhttp3</groupId>
            <artifactId>okhttp</artifactId>
            <version>3.14.9</version>
            <licenses>
                <license>
                    <name>Apache License 2.0</name>
                    <url>http://www.apache.org/licenses/LICENSE-2.0</url>
                </license>
            </licenses>
        </dependency>
        <dependency>
            <groupId>com.squareup.okio</groupId>
            <artifactId>okio</artifactId>
            <version>1.17.2</version>
            <licenses>
                <license>
                    <name>Apache License 2.0</name>
                    <url>http://www.apache.org/licenses/LICENSE-2.0</url>
                </license>
            </licenses>
        </dependency>
        <dependency>
            <groupId>com.sun.activation</groupId>
            <artifactId>jakarta.activation</artifactId>
            <version>1.2.2</version>
            <licenses>
                <license>
                    <name>Eclipse Distribution License, Version 1.0</name>
                    <url>http://repository.jboss.org/licenses/edl-1.0.txt</url>
                </license>
            </licenses>
        </dependency>
        <dependency>
            <groupId>com.sun.xml.bind</groupId>
            <artifactId>jaxb-osgi</artifactId>
            <version>2.2.10</version>
            <licenses/>
        </dependency>
        <dependency>
            <groupId>com.vaadin.external.google</groupId>
            <artifactId>android-json</artifactId>
            <version>0.0.20131108.vaadin1</version>
            <licenses>
                <license>
                    <name>Apache License 2.0</name>
                    <url>http://www.apache.org/licenses/LICENSE-2.0</url>
                </license>
            </licenses>
        </dependency>
        <dependency>
            <groupId>commons-codec</groupId>
            <artifactId>commons-codec</artifactId>
            <version>1.15</version>
            <licenses>
                <license>
                    <name>Apache License 2.0</name>
                    <url>http://www.apache.org/licenses/LICENSE-2.0</url>
                </license>
            </licenses>
        </dependency>
        <dependency>
            <groupId>commons-io</groupId>
            <artifactId>commons-io</artifactId>
            <version>2.5</version>
            <licenses>
                <license>
                    <name>Apache License 2.0</name>
                    <url>http://www.apache.org/licenses/LICENSE-2.0</url>
                </license>
            </licenses>
        </dependency>
        <dependency>
            <groupId>dk.brics.automaton</groupId>
            <artifactId>automaton</artifactId>
            <version>1.11-8</version>
            <licenses>
                <license>
                    <name>BSD 2-clause "Simplified" License</name>
                    <url>https://opensource.org/licenses/BSD-2-Clause/</url>
                </license>
            </licenses>
        </dependency>
        <dependency>
            <groupId>io.dekorate</groupId>
            <artifactId>core-junit</artifactId>
            <version>2.4.1</version>
            <licenses>
                <license>
                    <name>Apache License 2.0</name>
                    <url>http://www.apache.org/licenses/LICENSE-2.0</url>
                </license>
            </licenses>
        </dependency>
        <dependency>
            <groupId>io.dekorate</groupId>
            <artifactId>dekorate-core</artifactId>
            <version>2.4.1</version>
            <licenses>
                <license>
                    <name>Apache License 2.0</name>
                    <url>http://www.apache.org/licenses/LICENSE-2.0</url>
                </license>
            </licenses>
        </dependency>
        <dependency>
            <groupId>io.dekorate</groupId>
            <artifactId>kubernetes-junit</artifactId>
            <version>2.4.1</version>
            <licenses>
                <license>
                    <name>Apache License 2.0</name>
                    <url>http://www.apache.org/licenses/LICENSE-2.0</url>
                </license>
            </licenses>
        </dependency>
        <dependency>
            <groupId>io.dekorate</groupId>
            <artifactId>openshift-junit</artifactId>
            <version>2.4.1</version>
            <licenses>
                <license>
                    <name>Apache License 2.0</name>
                    <url>http://www.apache.org/licenses/LICENSE-2.0</url>
                </license>
            </licenses>
        </dependency>
        <dependency>
            <groupId>io.fabric8</groupId>
            <artifactId>kubernetes-client</artifactId>
            <version>5.1.1</version>
            <licenses>
                <license>
                    <name>Apache License 2.0</name>
                    <url>http://www.apache.org/licenses/LICENSE-2.0</url>
                </license>
            </licenses>
        </dependency>
        <dependency>
            <groupId>io.fabric8</groupId>
            <artifactId>kubernetes-model-admissionregistration</artifactId>
            <version>5.1.1</version>
            <licenses>
                <license>
                    <name>Apache License 2.0</name>
                    <url>http://www.apache.org/licenses/LICENSE-2.0</url>
                </license>
            </licenses>
        </dependency>
        <dependency>
            <groupId>io.fabric8</groupId>
            <artifactId>kubernetes-model-apiextensions</artifactId>
            <version>5.1.1</version>
            <licenses>
                <license>
                    <name>Apache License 2.0</name>
                    <url>http://www.apache.org/licenses/LICENSE-2.0</url>
                </license>
            </licenses>
        </dependency>
        <dependency>
            <groupId>io.fabric8</groupId>
            <artifactId>kubernetes-model-apps</artifactId>
            <version>5.1.1</version>
            <licenses>
                <license>
                    <name>Apache License 2.0</name>
                    <url>http://www.apache.org/licenses/LICENSE-2.0</url>
                </license>
            </licenses>
        </dependency>
        <dependency>
            <groupId>io.fabric8</groupId>
            <artifactId>kubernetes-model-autoscaling</artifactId>
            <version>5.1.1</version>
            <licenses>
                <license>
                    <name>Apache License 2.0</name>
                    <url>http://www.apache.org/licenses/LICENSE-2.0</url>
                </license>
            </licenses>
        </dependency>
        <dependency>
            <groupId>io.fabric8</groupId>
            <artifactId>kubernetes-model-batch</artifactId>
            <version>5.1.1</version>
            <licenses>
                <license>
                    <name>Apache License 2.0</name>
                    <url>http://www.apache.org/licenses/LICENSE-2.0</url>
                </license>
            </licenses>
        </dependency>
        <dependency>
            <groupId>io.fabric8</groupId>
            <artifactId>kubernetes-model-certificates</artifactId>
            <version>5.1.1</version>
            <licenses>
                <license>
                    <name>Apache License 2.0</name>
                    <url>http://www.apache.org/licenses/LICENSE-2.0</url>
                </license>
            </licenses>
        </dependency>
        <dependency>
            <groupId>io.fabric8</groupId>
            <artifactId>kubernetes-model-common</artifactId>
            <version>5.1.1</version>
            <licenses>
                <license>
                    <name>Apache License 2.0</name>
                    <url>http://www.apache.org/licenses/LICENSE-2.0</url>
                </license>
            </licenses>
        </dependency>
        <dependency>
            <groupId>io.fabric8</groupId>
            <artifactId>kubernetes-model-coordination</artifactId>
            <version>5.1.1</version>
            <licenses>
                <license>
                    <name>Apache License 2.0</name>
                    <url>http://www.apache.org/licenses/LICENSE-2.0</url>
                </license>
            </licenses>
        </dependency>
        <dependency>
            <groupId>io.fabric8</groupId>
            <artifactId>kubernetes-model-core</artifactId>
            <version>5.1.1</version>
            <licenses>
                <license>
                    <name>Apache License 2.0</name>
                    <url>http://www.apache.org/licenses/LICENSE-2.0</url>
                </license>
            </licenses>
        </dependency>
        <dependency>
            <groupId>io.fabric8</groupId>
            <artifactId>kubernetes-model-discovery</artifactId>
            <version>5.1.1</version>
            <licenses>
                <license>
                    <name>Apache License 2.0</name>
                    <url>http://www.apache.org/licenses/LICENSE-2.0</url>
                </license>
            </licenses>
        </dependency>
        <dependency>
            <groupId>io.fabric8</groupId>
            <artifactId>kubernetes-model-events</artifactId>
            <version>5.1.1</version>
            <licenses>
                <license>
                    <name>Apache License 2.0</name>
                    <url>http://www.apache.org/licenses/LICENSE-2.0</url>
                </license>
            </licenses>
        </dependency>
        <dependency>
            <groupId>io.fabric8</groupId>
            <artifactId>kubernetes-model-extensions</artifactId>
            <version>5.1.1</version>
            <licenses>
                <license>
                    <name>Apache License 2.0</name>
                    <url>http://www.apache.org/licenses/LICENSE-2.0</url>
                </license>
            </licenses>
        </dependency>
        <dependency>
            <groupId>io.fabric8</groupId>
            <artifactId>kubernetes-model-metrics</artifactId>
            <version>5.1.1</version>
            <licenses>
                <license>
                    <name>Apache License 2.0</name>
                    <url>http://www.apache.org/licenses/LICENSE-2.0</url>
                </license>
            </licenses>
        </dependency>
        <dependency>
            <groupId>io.fabric8</groupId>
            <artifactId>kubernetes-model-networking</artifactId>
            <version>5.1.1</version>
            <licenses>
                <license>
                    <name>Apache License 2.0</name>
                    <url>http://www.apache.org/licenses/LICENSE-2.0</url>
                </license>
            </licenses>
        </dependency>
        <dependency>
            <groupId>io.fabric8</groupId>
            <artifactId>kubernetes-model-node</artifactId>
            <version>5.1.1</version>
            <licenses>
                <license>
                    <name>Apache License 2.0</name>
                    <url>http://www.apache.org/licenses/LICENSE-2.0</url>
                </license>
            </licenses>
        </dependency>
        <dependency>
            <groupId>io.fabric8</groupId>
            <artifactId>kubernetes-model-policy</artifactId>
            <version>5.1.1</version>
            <licenses>
                <license>
                    <name>Apache License 2.0</name>
                    <url>http://www.apache.org/licenses/LICENSE-2.0</url>
                </license>
            </licenses>
        </dependency>
        <dependency>
            <groupId>io.fabric8</groupId>
            <artifactId>kubernetes-model-rbac</artifactId>
            <version>5.1.1</version>
            <licenses>
                <license>
                    <name>Apache License 2.0</name>
                    <url>http://www.apache.org/licenses/LICENSE-2.0</url>
                </license>
            </licenses>
        </dependency>
        <dependency>
            <groupId>io.fabric8</groupId>
            <artifactId>kubernetes-model-scheduling</artifactId>
            <version>5.1.1</version>
            <licenses>
                <license>
                    <name>Apache License 2.0</name>
                    <url>http://www.apache.org/licenses/LICENSE-2.0</url>
                </license>
            </licenses>
        </dependency>
        <dependency>
            <groupId>io.fabric8</groupId>
            <artifactId>kubernetes-model-storageclass</artifactId>
            <version>5.1.1</version>
            <licenses>
                <license>
                    <name>Apache License 2.0</name>
                    <url>http://www.apache.org/licenses/LICENSE-2.0</url>
                </license>
            </licenses>
        </dependency>
        <dependency>
            <groupId>io.fabric8</groupId>
            <artifactId>zjsonpatch</artifactId>
            <version>0.3.0</version>
            <licenses>
                <license>
                    <name>Apache License 2.0</name>
                    <url>http://www.apache.org/licenses/LICENSE-2.0</url>
                </license>
            </licenses>
        </dependency>
        <dependency>
            <groupId>io.micrometer</groupId>
            <artifactId>micrometer-core</artifactId>
            <version>1.6.9</version>
            <licenses>
                <license>
                    <name>Apache License 2.0</name>
                    <url>http://www.apache.org/licenses/LICENSE-2.0</url>
                </license>
            </licenses>
        </dependency>
        <dependency>
            <groupId>io.rest-assured</groupId>
            <artifactId>json-path</artifactId>
            <version>3.3.0</version>
            <licenses>
                <license>
                    <name>Apache License 2.0</name>
                    <url>http://www.apache.org/licenses/LICENSE-2.0</url>
                </license>
            </licenses>
        </dependency>
        <dependency>
            <groupId>io.rest-assured</groupId>
            <artifactId>rest-assured</artifactId>
            <version>3.3.0</version>
            <licenses>
                <license>
                    <name>Apache License 2.0</name>
                    <url>http://www.apache.org/licenses/LICENSE-2.0</url>
                </license>
            </licenses>
        </dependency>
        <dependency>
            <groupId>io.rest-assured</groupId>
            <artifactId>rest-assured-common</artifactId>
            <version>3.3.0</version>
            <licenses>
                <license>
                    <name>Apache License 2.0</name>
                    <url>http://www.apache.org/licenses/LICENSE-2.0</url>
                </license>
            </licenses>
        </dependency>
        <dependency>
            <groupId>io.rest-assured</groupId>
            <artifactId>xml-path</artifactId>
            <version>3.3.0</version>
            <licenses>
                <license>
                    <name>Apache License 2.0</name>
                    <url>http://www.apache.org/licenses/LICENSE-2.0</url>
                </license>
            </licenses>
        </dependency>
        <dependency>
            <groupId>jakarta.activation</groupId>
            <artifactId>jakarta.activation-api</artifactId>
            <version>1.2.2</version>
            <licenses>
                <license>
                    <name>Eclipse Distribution License, Version 1.0</name>
                    <url>http://repository.jboss.org/licenses/edl-1.0.txt</url>
                </license>
            </licenses>
        </dependency>
        <dependency>
            <groupId>jakarta.annotation</groupId>
            <artifactId>jakarta.annotation-api</artifactId>
            <version>1.3.5</version>
            <licenses>
                <license>
                    <name>Eclipse Public License - v 2.0</name>
                    <url>http://www.eclipse.org/legal/epl-v20.html</url>
                </license>
                <license>
                    <name>GNU General Public License, Version 2 with the Classpath Exception</name>
                    <url>http://repository.jboss.org/licenses/gpl-2.0-ce.txt</url>
                </license>
            </licenses>
        </dependency>
        <dependency>
            <groupId>jakarta.validation</groupId>
            <artifactId>jakarta.validation-api</artifactId>
            <version>2.0.2</version>
            <licenses>
                <license>
                    <name>Apache License 2.0</name>
                    <url>http://www.apache.org/licenses/LICENSE-2.0</url>
                </license>
            </licenses>
        </dependency>
        <dependency>
            <groupId>jakarta.xml.bind</groupId>
            <artifactId>jakarta.xml.bind-api</artifactId>
            <version>2.3.3</version>
            <licenses>
                <license>
                    <name>Eclipse Distribution License, Version 1.0</name>
                    <url>http://repository.jboss.org/licenses/edl-1.0.txt</url>
                </license>
            </licenses>
        </dependency>
        <dependency>
            <groupId>javax.activation</groupId>
            <artifactId>activation</artifactId>
            <version>1.1.1</version>
            <licenses>
                <license>
                    <name>Common Development and Distribution License 1.0</name>
                    <url>http://repository.jboss.org/licenses/cddl.txt</url>
                </license>
            </licenses>
        </dependency>
        <dependency>
            <groupId>javax.activation</groupId>
            <artifactId>javax.activation-api</artifactId>
            <version>1.2.0</version>
            <licenses>
                <license>
                    <name>Common Development and Distribution License (CDDL) and GNU Public License v.2 w/Classpath Exception</name>
                    <url>https://netbeans.org/cddl-gplv2.html</url>
                </license>
            </licenses>
        </dependency>
        <dependency>
            <groupId>javax.annotation</groupId>
            <artifactId>javax.annotation-api</artifactId>
            <version>1.3.2</version>
            <licenses>
                <license>
                    <name>Common Development and Distribution License (CDDL) and GNU Public License v.2 w/Classpath Exception</name>
                    <url>https://netbeans.org/cddl-gplv2.html</url>
                </license>
            </licenses>
        </dependency>
        <dependency>
            <groupId>javax.json</groupId>
            <artifactId>javax.json-api</artifactId>
            <version>1.1.4</version>
            <licenses>
                <license>
                    <name>Dual license consisting of the CDDL v1.1 and GPL v2</name>
                    <url>https://oss.oracle.com/licenses/CDDL+GPL-1.1</url>
                </license>
            </licenses>
        </dependency>
        <dependency>
            <groupId>javax.servlet</groupId>
            <artifactId>javax.servlet-api</artifactId>
            <version>4.0.1</version>
            <licenses>
                <license>
                    <name>Common Development and Distribution License (CDDL) and GNU Public License v.2 w/Classpath Exception</name>
                    <url>https://netbeans.org/cddl-gplv2.html</url>
                </license>
            </licenses>
        </dependency>
        <dependency>
            <groupId>javax.xml.bind</groupId>
            <artifactId>jaxb-api</artifactId>
            <version>2.3.1</version>
            <licenses>
                <license>
                    <name>GNU General Public License, Version 2 with the Classpath Exception</name>
                    <url>http://repository.jboss.org/licenses/gpl-2.0-ce.txt</url>
                </license>
                <license>
                    <name>Common Development and Distribution License 1.1</name>
                    <url>https://javaee.github.io/glassfish/LICENSE</url>
                </license>
            </licenses>
        </dependency>
        <dependency>
            <groupId>net.bytebuddy</groupId>
            <artifactId>byte-buddy</artifactId>
            <version>1.10.22</version>
            <licenses>
                <license>
                    <name>Apache License 2.0</name>
                    <url>http://www.apache.org/licenses/LICENSE-2.0</url>
                </license>
            </licenses>
        </dependency>
        <dependency>
            <groupId>net.bytebuddy</groupId>
            <artifactId>byte-buddy-agent</artifactId>
            <version>1.10.22</version>
            <licenses>
                <license>
                    <name>Apache License 2.0</name>
                    <url>http://www.apache.org/licenses/LICENSE-2.0</url>
                </license>
            </licenses>
        </dependency>
        <dependency>
            <groupId>net.minidev</groupId>
            <artifactId>accessors-smart</artifactId>
            <version>2.3.1</version>
            <licenses>
                <license>
                    <name>Apache License 2.0</name>
                    <url>http://www.apache.org/licenses/LICENSE-2.0</url>
                </license>
            </licenses>
        </dependency>
        <dependency>
            <groupId>net.minidev</groupId>
            <artifactId>json-smart</artifactId>
            <version>2.3.1</version>
            <licenses>
                <license>
                    <name>Apache License 2.0</name>
                    <url>http://www.apache.org/licenses/LICENSE-2.0</url>
                </license>
            </licenses>
        </dependency>
        <dependency>
            <groupId>org.apache.commons</groupId>
            <artifactId>commons-compress</artifactId>
            <version>1.19</version>
            <licenses>
                <license>
                    <name>Apache License 2.0</name>
                    <url>http://www.apache.org/licenses/LICENSE-2.0</url>
                </license>
            </licenses>
        </dependency>
        <dependency>
            <groupId>org.apache.commons</groupId>
            <artifactId>commons-lang3</artifactId>
            <version>3.11</version>
            <licenses>
                <license>
                    <name>Apache License 2.0</name>
                    <url>http://www.apache.org/licenses/LICENSE-2.0</url>
                </license>
            </licenses>
        </dependency>
        <dependency>
            <groupId>org.apache.httpcomponents</groupId>
            <artifactId>httpclient</artifactId>
            <version>4.5.13</version>
            <licenses>
                <license>
                    <name>Apache License 2.0</name>
                    <url>http://www.apache.org/licenses/LICENSE-2.0</url>
                </license>
            </licenses>
        </dependency>
        <dependency>
            <groupId>org.apache.httpcomponents</groupId>
            <artifactId>httpcore</artifactId>
            <version>4.4.14</version>
            <licenses>
                <license>
                    <name>Apache License 2.0</name>
                    <url>http://www.apache.org/licenses/LICENSE-2.0</url>
                </license>
            </licenses>
        </dependency>
        <dependency>
            <groupId>org.apache.httpcomponents</groupId>
            <artifactId>httpmime</artifactId>
            <version>4.5.13</version>
            <licenses>
                <license>
                    <name>Apache License 2.0</name>
                    <url>http://www.apache.org/licenses/LICENSE-2.0</url>
                </license>
            </licenses>
        </dependency>
        <dependency>
            <groupId>org.apache.logging.log4j</groupId>
            <artifactId>log4j-api</artifactId>
            <version>2.13.3</version>
            <licenses>
                <license>
                    <name>Apache License 2.0</name>
                    <url>http://www.apache.org/licenses/LICENSE-2.0</url>
                </license>
            </licenses>
        </dependency>
        <dependency>
            <groupId>org.apache.logging.log4j</groupId>
            <artifactId>log4j-to-slf4j</artifactId>
            <version>2.13.3</version>
            <licenses>
                <license>
                    <name>Apache License 2.0</name>
                    <url>http://www.apache.org/licenses/LICENSE-2.0</url>
                </license>
            </licenses>
        </dependency>
        <dependency>
            <groupId>org.apache.sling</groupId>
            <artifactId>org.apache.sling.javax.activation</artifactId>
            <version>0.1.0</version>
            <licenses>
                <license>
                    <name>Apache License 2.0</name>
                    <url>http://www.apache.org/licenses/LICENSE-2.0</url>
                </license>
            </licenses>
        </dependency>
        <dependency>
            <groupId>org.apache.tomcat.embed</groupId>
            <artifactId>tomcat-embed-core</artifactId>
            <version>9.0.50</version>
            <licenses>
                <license>
                    <name>Apache License 2.0</name>
                    <url>http://www.apache.org/licenses/LICENSE-2.0</url>
                </license>
            </licenses>
        </dependency>
        <dependency>
            <groupId>org.apache.tomcat.embed</groupId>
            <artifactId>tomcat-embed-websocket</artifactId>
            <version>9.0.50</version>
            <licenses>
                <license>
                    <name>Apache License 2.0</name>
                    <url>http://www.apache.org/licenses/LICENSE-2.0</url>
                </license>
            </licenses>
        </dependency>
        <dependency>
            <groupId>org.apiguardian</groupId>
            <artifactId>apiguardian-api</artifactId>
            <version>1.1.0</version>
            <licenses>
                <license>
                    <name>Apache License 2.0</name>
                    <url>http://www.apache.org/licenses/LICENSE-2.0</url>
                </license>
            </licenses>
        </dependency>
        <dependency>
            <groupId>org.assertj</groupId>
            <artifactId>assertj-core</artifactId>
            <version>3.18.1</version>
            <licenses>
                <license>
                    <name>Apache License 2.0</name>
                    <url>http://www.apache.org/licenses/LICENSE-2.0</url>
                </license>
            </licenses>
        </dependency>
        <dependency>
            <groupId>org.ccil.cowan.tagsoup</groupId>
            <artifactId>tagsoup</artifactId>
            <version>1.2.1</version>
            <licenses>
                <license>
                    <name>Apache License 2.0</name>
                    <url>http://www.apache.org/licenses/LICENSE-2.0</url>
                </license>
            </licenses>
        </dependency>
        <dependency>
            <groupId>org.checkerframework</groupId>
            <artifactId>checker-compat-qual</artifactId>
            <version>2.0.0</version>
            <licenses>
                <license>
                    <name>GNU General Public License, Version 2 with the Classpath Exception</name>
                    <url>http://repository.jboss.org/licenses/gpl-2.0-ce.txt</url>
                </license>
                <license>
                    <name>MIT License</name>
                    <url>https://opensource.org/licenses/MIT/</url>
                </license>
            </licenses>
        </dependency>
        <dependency>
            <groupId>org.codehaus.groovy</groupId>
            <artifactId>groovy</artifactId>
            <version>2.5.14</version>
            <licenses>
                <license>
                    <name>Apache License 2.0</name>
                    <url>http://www.apache.org/licenses/LICENSE-2.0</url>
                </license>
            </licenses>
        </dependency>
        <dependency>
            <groupId>org.codehaus.groovy</groupId>
            <artifactId>groovy-json</artifactId>
            <version>2.5.14</version>
            <licenses>
                <license>
                    <name>Apache License 2.0</name>
                    <url>http://www.apache.org/licenses/LICENSE-2.0</url>
                </license>
            </licenses>
        </dependency>
        <dependency>
            <groupId>org.codehaus.groovy</groupId>
            <artifactId>groovy-xml</artifactId>
            <version>2.5.14</version>
            <licenses>
                <license>
                    <name>Apache License 2.0</name>
                    <url>http://www.apache.org/licenses/LICENSE-2.0</url>
                </license>
            </licenses>
        </dependency>
        <dependency>
            <groupId>org.codehaus.mojo</groupId>
            <artifactId>animal-sniffer-annotations</artifactId>
            <version>1.14</version>
            <licenses>
                <license>
                    <name>MIT License</name>
                    <url>https://opensource.org/licenses/MIT/</url>
                </license>
            </licenses>
        </dependency>
        <dependency>
            <groupId>org.fusesource.jansi</groupId>
            <artifactId>jansi</artifactId>
            <version>1.18</version>
            <licenses>
                <license>
                    <name>Apache License 2.0</name>
                    <url>http://www.apache.org/licenses/LICENSE-2.0</url>
                </license>
            </licenses>
        </dependency>
        <dependency>
            <groupId>org.glassfish</groupId>
            <artifactId>jakarta.el</artifactId>
            <version>3.0.3</version>
            <licenses>
                <license>
                    <name>Eclipse Public License - v 2.0</name>
                    <url>http://www.eclipse.org/legal/epl-v20.html</url>
                </license>
                <license>
                    <name>GNU General Public License, Version 2 with the Classpath Exception</name>
                    <url>http://repository.jboss.org/licenses/gpl-2.0-ce.txt</url>
                </license>
            </licenses>
        </dependency>
        <dependency>
            <groupId>org.glassfish</groupId>
            <artifactId>javax.json</artifactId>
            <version>1.1.2</version>
            <licenses>
                <license>
                    <name>Dual license consisting of the CDDL v1.1 and GPL v2</name>
                    <url>https://oss.oracle.com/licenses/CDDL+GPL-1.1</url>
                </license>
            </licenses>
        </dependency>
        <dependency>
            <groupId>org.hamcrest</groupId>
            <artifactId>hamcrest</artifactId>
            <version>2.2</version>
            <licenses>
                <license>
                    <name>BSD 3-clause "New" or "Revised" License</name>
                    <url>https://opensource.org/licenses/BSD-3-Clause/</url>
                </license>
            </licenses>
        </dependency>
        <dependency>
            <groupId>org.hamcrest</groupId>
            <artifactId>hamcrest-core</artifactId>
            <version>2.2</version>
            <licenses>
                <license>
                    <name>BSD 3-clause "New" or "Revised" License</name>
                    <url>https://opensource.org/licenses/BSD-3-Clause/</url>
                </license>
            </licenses>
        </dependency>
        <dependency>
            <groupId>org.hamcrest</groupId>
            <artifactId>hamcrest-library</artifactId>
            <version>2.2</version>
            <licenses>
                <license>
                    <name>BSD 3-clause "New" or "Revised" License</name>
                    <url>https://opensource.org/licenses/BSD-3-Clause/</url>
                </license>
            </licenses>
        </dependency>
        <dependency>
            <groupId>org.hdrhistogram</groupId>
            <artifactId>HdrHistogram</artifactId>
            <version>2.1.12</version>
            <licenses>
                <license>
                    <name>Creative Commons Zero 1.0 Universal</name>
                    <url>http://creativecommons.org/publicdomain/zero/1.0/legalcode</url>
                </license>
                <license>
                    <name>BSD 2-clause "Simplified" License</name>
                    <url>https://opensource.org/licenses/BSD-2-Clause/</url>
                </license>
            </licenses>
        </dependency>
        <dependency>
            <groupId>org.jboss.logging</groupId>
            <artifactId>jboss-logging</artifactId>
            <version>3.4.2.Final</version>
            <licenses>
                <license>
                    <name>Apache License 2.0</name>
                    <url>http://www.apache.org/licenses/LICENSE-2.0</url>
                </license>
            </licenses>
        </dependency>
        <dependency>
            <groupId>org.jboss.resteasy</groupId>
            <artifactId>resteasy-jackson2-provider</artifactId>
            <version>3.15.1.Final</version>
            <licenses>
                <license>
                    <name>Apache License 2.0</name>
                    <url>http://www.apache.org/licenses/LICENSE-2.0</url>
                </license>
            </licenses>
        </dependency>
        <dependency>
            <groupId>org.jboss.resteasy</groupId>
            <artifactId>resteasy-jaxrs</artifactId>
            <version>3.15.1.Final</version>
            <licenses>
                <license>
                    <name>Apache License 2.0</name>
                    <url>http://www.apache.org/licenses/LICENSE-2.0</url>
                </license>
            </licenses>
        </dependency>
        <dependency>
            <groupId>org.jboss.resteasy</groupId>
            <artifactId>resteasy-servlet-initializer</artifactId>
            <version>3.15.1.Final</version>
            <licenses>
                <license>
                    <name>Apache License 2.0</name>
                    <url>http://www.apache.org/licenses/LICENSE-2.0</url>
                </license>
            </licenses>
        </dependency>
        <dependency>
            <groupId>org.jboss.resteasy</groupId>
            <artifactId>resteasy-spring</artifactId>
            <version>3.15.1.Final</version>
            <licenses>
                <license>
                    <name>Apache License 2.0</name>
                    <url>http://www.apache.org/licenses/LICENSE-2.0</url>
                </license>
            </licenses>
        </dependency>
        <dependency>
            <groupId>org.jboss.resteasy</groupId>
            <artifactId>resteasy-spring-boot-starter</artifactId>
            <version>3.9.1.Final</version>
            <licenses>
                <license>
                    <name>Apache License 2.0</name>
                    <url>http://www.apache.org/licenses/LICENSE-2.0</url>
                </license>
            </licenses>
        </dependency>
        <dependency>
            <groupId>org.jboss.spec.javax.annotation</groupId>
            <artifactId>jboss-annotations-api_1.3_spec</artifactId>
            <version>2.0.1.Final</version>
            <licenses>
                <license>
                    <name>Eclipse Public License - v 2.0</name>
                    <url>http://www.eclipse.org/legal/epl-v20.html</url>
                </license>
                <license>
                    <name>GNU General Public License, Version 2 with the Classpath Exception</name>
                    <url>http://repository.jboss.org/licenses/gpl-2.0-ce.txt</url>
                </license>
            </licenses>
        </dependency>
        <dependency>
            <groupId>org.jboss.spec.javax.ws.rs</groupId>
            <artifactId>jboss-jaxrs-api_2.1_spec</artifactId>
            <version>2.0.1.Final</version>
            <licenses>
                <license>
                    <name>Eclipse Public License - v 2.0</name>
                    <url>http://www.eclipse.org/legal/epl-v20.html</url>
                </license>
                <license>
                    <name>GNU General Public License, Version 2 with the Classpath Exception</name>
                    <url>http://repository.jboss.org/licenses/gpl-2.0-ce.txt</url>
                </license>
            </licenses>
        </dependency>
        <dependency>
            <groupId>org.jboss.spec.javax.xml.bind</groupId>
            <artifactId>jboss-jaxb-api_2.3_spec</artifactId>
            <version>2.0.1.Final</version>
            <licenses>
                <license>
                    <name>Eclipse Distribution License, Version 1.0</name>
                    <url>http://repository.jboss.org/licenses/edl-1.0.txt</url>
                </license>
            </licenses>
        </dependency>
        <dependency>
            <groupId>org.junit.jupiter</groupId>
            <artifactId>junit-jupiter</artifactId>
            <version>5.7.2</version>
            <licenses>
                <license>
                    <name>Eclipse Public License - v 2.0</name>
                    <url>http://www.eclipse.org/legal/epl-v20.html</url>
                </license>
            </licenses>
        </dependency>
        <dependency>
            <groupId>org.junit.jupiter</groupId>
            <artifactId>junit-jupiter-api</artifactId>
            <version>5.7.2</version>
            <licenses>
                <license>
                    <name>Eclipse Public License - v 2.0</name>
                    <url>http://www.eclipse.org/legal/epl-v20.html</url>
                </license>
            </licenses>
        </dependency>
        <dependency>
            <groupId>org.junit.jupiter</groupId>
            <artifactId>junit-jupiter-engine</artifactId>
            <version>5.7.2</version>
            <licenses>
                <license>
                    <name>Eclipse Public License - v 2.0</name>
                    <url>http://www.eclipse.org/legal/epl-v20.html</url>
                </license>
            </licenses>
        </dependency>
        <dependency>
            <groupId>org.junit.jupiter</groupId>
            <artifactId>junit-jupiter-params</artifactId>
            <version>5.7.2</version>
            <licenses>
                <license>
                    <name>Eclipse Public License - v 2.0</name>
                    <url>http://www.eclipse.org/legal/epl-v20.html</url>
                </license>
            </licenses>
        </dependency>
        <dependency>
            <groupId>org.junit.platform</groupId>
            <artifactId>junit-platform-commons</artifactId>
            <version>1.7.2</version>
            <licenses>
                <license>
                    <name>Eclipse Public License - v 2.0</name>
                    <url>http://www.eclipse.org/legal/epl-v20.html</url>
                </license>
            </licenses>
        </dependency>
        <dependency>
            <groupId>org.junit.platform</groupId>
            <artifactId>junit-platform-engine</artifactId>
            <version>1.7.2</version>
            <licenses>
                <license>
                    <name>Eclipse Public License - v 2.0</name>
                    <url>http://www.eclipse.org/legal/epl-v20.html</url>
                </license>
            </licenses>
        </dependency>
        <dependency>
            <groupId>org.latencyutils</groupId>
            <artifactId>LatencyUtils</artifactId>
            <version>2.0.3</version>
            <licenses>
                <license>
                    <name>Creative Commons Zero 1.0 Universal</name>
                    <url>http://creativecommons.org/publicdomain/zero/1.0/legalcode</url>
                </license>
            </licenses>
        </dependency>
        <dependency>
            <groupId>org.mockito</groupId>
            <artifactId>mockito-core</artifactId>
            <version>3.6.28</version>
            <licenses>
                <license>
                    <name>MIT License</name>
                    <url>https://opensource.org/licenses/MIT/</url>
                </license>
            </licenses>
        </dependency>
        <dependency>
            <groupId>org.mockito</groupId>
            <artifactId>mockito-junit-jupiter</artifactId>
            <version>3.6.28</version>
            <licenses>
                <license>
                    <name>MIT License</name>
                    <url>https://opensource.org/licenses/MIT/</url>
                </license>
            </licenses>
        </dependency>
        <dependency>
            <groupId>org.objenesis</groupId>
            <artifactId>objenesis</artifactId>
            <version>3.1</version>
            <licenses>
                <license>
                    <name>Apache License 2.0</name>
                    <url>http://www.apache.org/licenses/LICENSE-2.0</url>
                </license>
            </licenses>
        </dependency>
        <dependency>
            <groupId>org.opentest4j</groupId>
            <artifactId>opentest4j</artifactId>
            <version>1.2.0</version>
            <licenses>
                <license>
                    <name>Apache License 2.0</name>
                    <url>http://www.apache.org/licenses/LICENSE-2.0</url>
                </license>
            </licenses>
        </dependency>
        <dependency>
            <groupId>org.ow2.asm</groupId>
            <artifactId>asm</artifactId>
            <version>5.0.4</version>
            <licenses>
                <license>
                    <name>The Asm BSD License</name>
                    <url>http://asm.ow2.org/license.html</url>
                </license>
            </licenses>
        </dependency>
        <dependency>
            <groupId>org.reactivestreams</groupId>
            <artifactId>reactive-streams</artifactId>
            <version>1.0.3</version>
            <licenses>
                <license>
                    <name>Creative Commons Zero 1.0 Universal</name>
                    <url>http://creativecommons.org/publicdomain/zero/1.0/legalcode</url>
                </license>
            </licenses>
        </dependency>
        <dependency>
            <groupId>org.skyscreamer</groupId>
            <artifactId>jsonassert</artifactId>
            <version>1.5.0</version>
            <licenses>
                <license>
                    <name>Apache License 2.0</name>
                    <url>http://www.apache.org/licenses/LICENSE-2.0</url>
                </license>
            </licenses>
        </dependency>
        <dependency>
            <groupId>org.slf4j</groupId>
            <artifactId>jul-to-slf4j</artifactId>
            <version>1.7.32</version>
            <licenses>
                <license>
                    <name>MIT License</name>
                    <url>https://opensource.org/licenses/MIT/</url>
                </license>
            </licenses>
        </dependency>
        <dependency>
            <groupId>org.slf4j</groupId>
            <artifactId>slf4j-api</artifactId>
            <version>1.7.32</version>
            <licenses>
                <license>
                    <name>MIT License</name>
                    <url>https://opensource.org/licenses/MIT/</url>
                </license>
            </licenses>
        </dependency>
        <dependency>
            <groupId>org.springframework</groupId>
            <artifactId>spring-aop</artifactId>
            <version>5.3.9</version>
            <licenses>
                <license>
                    <name>Apache License 2.0</name>
                    <url>http://www.apache.org/licenses/LICENSE-2.0</url>
                </license>
            </licenses>
        </dependency>
        <dependency>
            <groupId>org.springframework</groupId>
            <artifactId>spring-beans</artifactId>
            <version>5.3.9</version>
            <licenses>
                <license>
                    <name>Apache License 2.0</name>
                    <url>http://www.apache.org/licenses/LICENSE-2.0</url>
                </license>
            </licenses>
        </dependency>
        <dependency>
            <groupId>org.springframework</groupId>
            <artifactId>spring-context</artifactId>
            <version>5.3.9</version>
            <licenses>
                <license>
                    <name>Apache License 2.0</name>
                    <url>http://www.apache.org/licenses/LICENSE-2.0</url>
                </license>
            </licenses>
        </dependency>
        <dependency>
            <groupId>org.springframework</groupId>
            <artifactId>spring-core</artifactId>
            <version>5.3.9</version>
            <licenses>
                <license>
                    <name>Apache License 2.0</name>
                    <url>http://www.apache.org/licenses/LICENSE-2.0</url>
                </license>
            </licenses>
        </dependency>
        <dependency>
            <groupId>org.springframework</groupId>
            <artifactId>spring-expression</artifactId>
            <version>5.3.9</version>
            <licenses>
                <license>
                    <name>Apache License 2.0</name>
                    <url>http://www.apache.org/licenses/LICENSE-2.0</url>
                </license>
            </licenses>
        </dependency>
        <dependency>
            <groupId>org.springframework</groupId>
            <artifactId>spring-jcl</artifactId>
            <version>5.3.9</version>
            <licenses>
                <license>
                    <name>Apache License 2.0</name>
                    <url>http://www.apache.org/licenses/LICENSE-2.0</url>
                </license>
            </licenses>
        </dependency>
        <dependency>
            <groupId>org.springframework</groupId>
            <artifactId>spring-test</artifactId>
            <version>5.3.9</version>
            <licenses>
                <license>
                    <name>Apache License 2.0</name>
                    <url>http://www.apache.org/licenses/LICENSE-2.0</url>
                </license>
            </licenses>
        </dependency>
        <dependency>
            <groupId>org.springframework</groupId>
            <artifactId>spring-web</artifactId>
            <version>5.3.9</version>
            <licenses>
                <license>
                    <name>Apache License 2.0</name>
                    <url>http://www.apache.org/licenses/LICENSE-2.0</url>
                </license>
            </licenses>
        </dependency>
        <dependency>
            <groupId>org.springframework</groupId>
            <artifactId>spring-webmvc</artifactId>
            <version>5.3.9</version>
            <licenses>
                <license>
                    <name>Apache License 2.0</name>
                    <url>http://www.apache.org/licenses/LICENSE-2.0</url>
                </license>
            </licenses>
        </dependency>
        <dependency>
            <groupId>org.springframework.boot</groupId>
            <artifactId>spring-boot</artifactId>
            <version>2.4.9</version>
            <licenses>
                <license>
                    <name>Apache License 2.0</name>
                    <url>http://www.apache.org/licenses/LICENSE-2.0</url>
                </license>
            </licenses>
        </dependency>
        <dependency>
            <groupId>org.springframework.boot</groupId>
            <artifactId>spring-boot-actuator</artifactId>
            <version>2.4.9</version>
            <licenses>
                <license>
                    <name>Apache License 2.0</name>
                    <url>http://www.apache.org/licenses/LICENSE-2.0</url>
                </license>
            </licenses>
        </dependency>
        <dependency>
            <groupId>org.springframework.boot</groupId>
            <artifactId>spring-boot-actuator-autoconfigure</artifactId>
            <version>2.4.9</version>
            <licenses>
                <license>
                    <name>Apache License 2.0</name>
                    <url>http://www.apache.org/licenses/LICENSE-2.0</url>
                </license>
            </licenses>
        </dependency>
        <dependency>
            <groupId>org.springframework.boot</groupId>
            <artifactId>spring-boot-autoconfigure</artifactId>
            <version>2.4.9</version>
            <licenses>
                <license>
                    <name>Apache License 2.0</name>
                    <url>http://www.apache.org/licenses/LICENSE-2.0</url>
                </license>
            </licenses>
        </dependency>
        <dependency>
            <groupId>org.springframework.boot</groupId>
            <artifactId>spring-boot-devtools</artifactId>
            <version>2.4.9</version>
            <licenses>
                <license>
                    <name>Apache License 2.0</name>
                    <url>http://www.apache.org/licenses/LICENSE-2.0</url>
                </license>
            </licenses>
        </dependency>
        <dependency>
            <groupId>org.springframework.boot</groupId>
            <artifactId>spring-boot-starter</artifactId>
            <version>2.4.9</version>
            <licenses>
                <license>
                    <name>Apache License 2.0</name>
                    <url>http://www.apache.org/licenses/LICENSE-2.0</url>
                </license>
            </licenses>
        </dependency>
        <dependency>
            <groupId>org.springframework.boot</groupId>
            <artifactId>spring-boot-starter-actuator</artifactId>
            <version>2.4.9</version>
            <licenses>
                <license>
                    <name>Apache License 2.0</name>
                    <url>http://www.apache.org/licenses/LICENSE-2.0</url>
                </license>
            </licenses>
        </dependency>
        <dependency>
            <groupId>org.springframework.boot</groupId>
            <artifactId>spring-boot-starter-json</artifactId>
            <version>2.4.9</version>
            <licenses>
                <license>
                    <name>Apache License 2.0</name>
                    <url>http://www.apache.org/licenses/LICENSE-2.0</url>
                </license>
            </licenses>
        </dependency>
        <dependency>
            <groupId>org.springframework.boot</groupId>
            <artifactId>spring-boot-starter-logging</artifactId>
            <version>2.4.9</version>
            <licenses>
                <license>
                    <name>Apache License 2.0</name>
                    <url>http://www.apache.org/licenses/LICENSE-2.0</url>
                </license>
            </licenses>
        </dependency>
        <dependency>
            <groupId>org.springframework.boot</groupId>
            <artifactId>spring-boot-starter-test</artifactId>
            <version>2.4.9</version>
            <licenses>
                <license>
                    <name>Apache License 2.0</name>
                    <url>http://www.apache.org/licenses/LICENSE-2.0</url>
                </license>
            </licenses>
        </dependency>
        <dependency>
            <groupId>org.springframework.boot</groupId>
            <artifactId>spring-boot-starter-tomcat</artifactId>
            <version>2.4.9</version>
            <licenses>
                <license>
                    <name>Apache License 2.0</name>
                    <url>http://www.apache.org/licenses/LICENSE-2.0</url>
                </license>
            </licenses>
        </dependency>
        <dependency>
            <groupId>org.springframework.boot</groupId>
            <artifactId>spring-boot-starter-web</artifactId>
            <version>2.4.9</version>
            <licenses>
                <license>
                    <name>Apache License 2.0</name>
                    <url>http://www.apache.org/licenses/LICENSE-2.0</url>
                </license>
            </licenses>
        </dependency>
        <dependency>
            <groupId>org.springframework.boot</groupId>
            <artifactId>spring-boot-test</artifactId>
            <version>2.4.9</version>
            <licenses>
                <license>
                    <name>Apache License 2.0</name>
                    <url>http://www.apache.org/licenses/LICENSE-2.0</url>
                </license>
            </licenses>
        </dependency>
        <dependency>
            <groupId>org.springframework.boot</groupId>
            <artifactId>spring-boot-test-autoconfigure</artifactId>
            <version>2.4.9</version>
            <licenses>
                <license>
                    <name>Apache License 2.0</name>
                    <url>http://www.apache.org/licenses/LICENSE-2.0</url>
                </license>
            </licenses>
        </dependency>
        <dependency>
            <groupId>org.xmlunit</groupId>
            <artifactId>xmlunit-core</artifactId>
            <version>2.7.0</version>
            <licenses>
                <license>
                    <name>Apache License 2.0</name>
                    <url>http://www.apache.org/licenses/LICENSE-2.0</url>
                </license>
            </licenses>
        </dependency>
        <dependency>
            <groupId>org.yaml</groupId>
            <artifactId>snakeyaml</artifactId>
            <version>1.27</version>
            <licenses>
                <license>
                    <name>Apache License 2.0</name>
                    <url>http://www.apache.org/licenses/LICENSE-2.0</url>
                </license>
            </licenses>
        </dependency>
    </dependencies>
</licenseSummary>
